"cell","cluster","UMAP_1","UMAP_2"
"TAACGACAGATTGAGT-1_HTB178_HTB178-HTB178","1",7.17733447170258,2.10890551137924
"AGTAGCTCAGTGTGGA-1_DV90-DV90","4",-3.67494566822052,5.59704132604599
"GACCTTCTCACAGTGT-1_CCL-185-IG-CCL-185-IG","0",-14.669491604805,-5.0354130692482
"TACACCCTCGCTGTCT-1_A549-A549","0",-14.6154468812943,-4.00743417215347
"CAGGTATGTGGCTAGA-1_CRL5868-CRL5868","7",13.0047618589401,-4.3113661236763
"CTTCGGTCACAAATGA-1_CCL-185-IG-CCL-185-IG","0",-13.5246256151199,-5.60984305810928
"CCTCAACTCCTCAGAA-1_PBMC-PBMCs","2",-4.5821359910965,-0.724065107822418
"CTCCCAAAGCCAGAGT-1_A549-A549","0",-12.8679073610306,-3.35813657712936
"CAACCAAAGACCATGG-1_CCL-185-IG-CCL-185-IG","0",-12.5719908037186,-4.59253768396378
"AACAAAGGTTATCTGG-1_DV90-DV90","4",-4.06802781009674,6.93671818304062
"ATAGACCTCAGAGCGA-1_A549-A549","0",-10.8555668153763,-4.3794813580513
"CTTCTAACATAAGCAA-1_DV90-DV90","4",-3.28215344333649,6.7644235663414
"AAACCCAAGCCGAACA-1_PBMC-PBMCs","2",-5.09810288333893,-1.11033777666092
"GGGATGATCCAAATGC-1_CCL-185-IG-CCL-185-IG","0",-14.2190407075882,-5.25921086740494
"CACCGTTAGGTCCAGA-1_PBMC-PBMCs","2",-4.72723658466339,-0.859182877063751
"CATTCATAGAGTGTTA-1_HTB178_HTB178-HTB178","1",7.01741234874725,2.91961069631577
"ACGATCACAAGAGGCT-1_HCC78-HCC78","5",5.98064796543121,17.1234609656334
"TTGCCTGCAAAGGCAC-1_CRL5868-CRL5868","6",15.1171828947067,-5.66696624231338
"TCCACGTAGTGATAGT-1_PC9-PC9","3",6.38498513317108,-7.13524846506119
"TCATCCGGTGGCACTC-1_CRL5868-CRL5868","6",14.9177428922653,-5.59233526659012
"CACACAAGTTGCATTG-1_PBMC-PBMCs","2",-2.09877713108063,-0.341718596935272
"AGTTAGCCACTCACTC-1_HTB178_HTB178-HTB178","1",7.27913777446747,1.8769404463768
"ACTATTCCATGAATAG-1_CRL5868-CRL5868","7",14.3958770475388,-5.54926161241531
"GCTACAAAGTCTCCTC-1_CRL5868-CRL5868","6",15.7473117551804,-7.10831622552872
"ACTCCCACAATTCGTG-1_DV90-DV90","4",-3.56996138477325,7.58339806127548
"TCGATTTCATGAAAGT-1_HCC78-HCC78","5",7.1693345746994,16.1349641852379
"TTGGTTTCAATAACCC-1_CRL5868-CRL5868","7",12.5497514448166,-3.61823825311661
"TCCGATCAGGATTTGA-1_PC9-PC9","3",5.39414374446869,-8.49777059030533
"GATTCGATCCCAATAG-1_CCL-185-IG-CCL-185-IG","0",-14.8381756105423,-5.94647292566299
"TTGTGGACACCAGTAT-1_CRL5868-CRL5868","6",15.019681139946,-5.61143903207779
"AATGGAAAGGAACATT-1_HCC78-HCC78","5",5.12159888362885,17.4099065833092
"GGTGTCGGTTCCAGGC-1_PC9-PC9","3",5.59552638149261,-8.75250558328629
"GACCTTCCAACAGCCC-1_PBMC-PBMCs","2",-1.7512398519516,-0.016571325778961
"TGGCGTGCAAAGCAAT-1_CRL5868-CRL5868","6",15.333721323967,-6.98671893548965
"TCTGTCGTCGGTCTAA-1_PC9-PC9","3",6.23224751567841,-8.69769792032242
"GTTGCTCAGGCCTGAA-1_PC9-PC9","3",7.12992541408539,-5.95401243638992
"CGTTGGGCAGGATTCT-1_DV90-DV90","4",-3.37116892719269,7.70266552495956
"TTCCTAAGTGATGGCA-1_CCL-185-IG-CCL-185-IG","0",-13.5766599931717,-5.52028779459
"AGTGTTGGTACAAACA-1_HTB178_HTB178-HTB178","1",8.3193647108078,4.01098366308212
"ATGGATCGTTCGCGTG-1_CRL5868-CRL5868","6",15.8839503965378,-7.11266402673721
"AATTTCCTCACCTTGC-1_HTB178_HTB178-HTB178","1",6.00707857227325,3.06403465795517
"CTTCAATTCGGACGTC-1_DV90-DV90","4",-4.26761801624298,5.52836533117294
"CAACGATCATCTTCGC-1_PC9-PC9","3",6.90751854991913,-6.31768016290665
"CTTTCGGCAAAGGTTA-1_CRL5868-CRL5868","7",13.4755241117477,-4.5918152756691
"CATGCCTCAGAGGCAT-1_PBMC-PBMCs","2",-2.74230177783966,-0.511986298084259
"GGAGGATGTACTCGCG-1_CRL5868-CRL5868","7",12.9395171842575,-4.29196004343033
"TGACCCTCACCTCGTT-1_DV90-DV90","4",-3.32785637760162,5.74143000173569
"CAGCAGCCAAGCCCAC-1_CCL-185-IG-CCL-185-IG","0",-10.9710739412308,-4.79148845148087
"GTGATGTGTGAACCGA-1_DV90-DV90","4",-3.13527472400665,7.01665707159042
"AACCATGTCCATTGCC-1_A549-A549","0",-14.5446270265579,-3.75451139879227
"GTGCTTCCACTGGCCA-1_DV90-DV90","4",-3.16973479175568,7.83238049077988
"AATAGAGTCCTAGCGG-1_HCC78-HCC78","5",5.50852386569977,17.3501321845055
"TTGGGATGTTTACCTT-1_PBMC-PBMCs","2",-2.28951342487335,-0.469617886066437
"GAGATGGTCACATACG-1_PBMC-PBMCs","5",6.86952321147919,16.3065454535484
"CGCCATTCATACAGCT-1_A549-A549","0",-13.725472287178,-3.46485106420517
"GTGGGAACATTAGGAA-1_PC9-PC9","3",6.088631316185,-8.46724395227432
"CAGTTAGCATAGCTGT-1_A549-A549","0",-13.8956125535965,-4.47949437570572
"AACAAGAGTGAGGCAT-1_CCL-185-IG-CCL-185-IG","0",-13.2449081697464,-5.75552896928787
"TGCGATATCCACCTCA-1_PC9-PC9","3",6.36019675350189,-8.00945739221573
"ACCTGAACAGCGGTTC-1_CCL-185-IG-CCL-185-IG","0",-13.2531479158401,-4.92372946214676
"CACAGATAGAGAGTTT-1_DV90-DV90","4",-4.22900517368317,6.99294205236435
"GTGCTTCAGATCGGTG-1_PBMC-PBMCs","2",-2.00573332691193,-0.283101362705231
"TAGGAGGAGTTAGTAG-1_A549-A549","0",-11.8814113893509,-3.67917577695847
"TGTCAGACAGTGTACT-1_HCC78-HCC78","5",4.78559414958954,17.4412099890709
"GATGTTGTCCGTCAAA-1_HTB178_HTB178-HTB178","1",7.25191132640839,3.77885456609726
"CATCGGGCACAACATC-1_PC9-PC9","3",6.37372033214569,-6.79623441171646
"AGACAGGAGACGCCCT-1_A549-A549","0",-13.5127247133255,-3.36958054971695
"CTTTCGGTCACTGATG-1_DV90-DV90","4",-3.22371514225006,7.81229706335068
"CAGTGCGAGGTCACAG-1_PC9-PC9","3",6.69245593166351,-6.05770377588272
"GAAGAATGTCCCGGTA-1_CRL5868-CRL5868","6",15.2103616437912,-7.06531934213638
"ATGAGTCAGCCTCGTG-1_DV90-DV90","4",-4.87894232654572,6.1151201300621
"CCCATTGAGAGAGCCT-1_PBMC-PBMCs","2",-4.07240469837189,-1.06986669969559
"CTTCGGTCAGGTCTCG-1_PBMC-PBMCs","2",-2.21876318836212,-0.00117449235916123
"TCCCACATCCCAAGCG-1_A549-A549","0",-14.2288139619827,-3.54406670999527
"CAATTTCAGCAGTAAT-1_PC9-PC9","3",6.06829754924774,-6.87421445322037
"TATTGCTAGTCACAGG-1_PC9-PC9","3",6.27083842372894,-7.85029296350479
"GAAGCGATCGACCTAA-1_DV90-DV90","4",-3.1546810426712,7.40283127355576
"TTGATGGGTGATTCAC-1_CRL5868-CRL5868","7",12.7421142301559,-3.92809633684158
"GAAGCCCAGTTGCTGT-1_CCL-185-IG-CCL-185-IG","0",-12.5792806901932,-4.8418848938942
"TAGGAGGCAGCACGAA-1_HTB178_HTB178-HTB178","1",6.32111327266693,2.6946894698143
"TTTCGATCACACTGGC-1_A549-A549","0",-13.44232924366,-3.2430671877861
"GGTGTCGAGTGTGTTC-1_PC9-PC9","3",5.88954155063629,-9.01578645181656
"AAGACAACACATGAAA-1_HCC78-HCC78","5",6.01067463970184,17.1922304205894
"TGGATGTAGTCGAGGT-1_A549-A549","0",-11.8263204851151,-3.73652951192856
"TATCGCCCATTACGGT-1_CCL-185-IG-CCL-185-IG","0",-14.6549423494339,-4.50608972978592
"GACGCTGGTGGTGATG-1_A549-A549","0",-12.6029146471024,-3.54445175600052
"TGAGGGAGTTCTCGTC-1_CRL5868-CRL5868","6",14.7480956754684,-6.19257525873184
"GGACGTCTCACTGATG-1_A549-A549","0",-13.9889667787552,-3.90347854566574
"TCATTCAAGAAGTCAT-1_CRL5868-CRL5868","6",15.4089452466965,-7.10022048425674
"CAATTTCAGCTGTGCC-1_PBMC-PBMCs","2",-1.35557468318939,-0.412195367336273
"GTTCATTAGCGCCTAC-1_DV90-DV90","4",-4.53538496875763,6.59690685796738
"CGTGATAAGGTCGCCT-1_PBMC-PBMCs","2",-1.94164021396637,-0.129552645206451
"CATGGTAAGCCGTCGT-1_HCC78-HCC78","5",6.83172528362274,16.2313558630943
"CTTCAATCAACTCCCT-1_HCC78-HCC78","5",6.38315837001801,17.0249158911705
"ACTACGACAGAGTCTT-1_CCL-185-IG-CCL-185-IG","0",-14.6385391511917,-5.58833388757706
"TGACGCGTCTAGCCAA-1_HTB178_HTB178-HTB178","1",6.13961140727997,3.23138208913803
"AGCCACGAGTGCGTCC-1_PC9-PC9","3",6.56370322322845,-7.3296173043251
"AGGATCTGTTGGTAGG-1_HTB178_HTB178-HTB178","1",8.33594815349579,4.01747675466537
"CTCAAGACAGCCGGTT-1_CCL-185-IG-CCL-185-IG","0",-14.873759106636,-5.70578078699112
"ACATCGATCATCGGGC-1_DV90-DV90","4",-3.27227147006989,6.7888490729332
"TCACAAGAGGAACTCG-1_HCC78-HCC78","5",7.01816670513153,16.4001142554283
"GGGACCTCAAGTACCT-1_HTB178_HTB178-HTB178","1",8.26866118526459,3.69144650030136
"CGTCAAAAGAACAGGA-1_A549-A549","0",-12.0223844804764,-3.99404613447189
"GAGCTGCCACTCAAGT-1_CRL5868-CRL5868","7",12.5423099241257,-3.43715683889389
"CTGTAGAAGGCTGTAG-1_HCC78-HCC78","5",7.1731735906601,16.1690160803795
"CCATCACTCCGCTAGG-1_PC9-PC9","3",7.09473816967011,-5.65156917047501
"ATCGTCCAGATGTTAG-1_A549-A549","0",-11.5404279985428,-4.26230482530594
"GACCGTGGTTCCGCAG-1_HTB178_HTB178-HTB178","1",8.07434050655365,3.59820337820053
"CGGACACCATAACTCG-1_CRL5868-CRL5868","7",12.4900142393112,-3.95772902441025
"CAATCGAAGATGCTTC-1_HTB178_HTB178-HTB178","1",7.20439784145355,1.75676127004623
"CAGCAATAGCTTTGTG-1_PBMC-PBMCs","2",-4.83106978321075,-0.93288187456131
"CTGTGAAGTCTTTCTA-1_PC9-PC9","3",5.84753791904449,-8.2154610581398
"GAATAGATCGTGACTA-1_PC9-PC9","3",5.5207750043869,-8.98079995584488
"GGGATCCTCAGGAAAT-1_PC9-PC9","3",6.39696662044525,-6.94696549844742
"GATCATGAGCGATGCA-1_HCC78-HCC78","5",6.92731539821625,16.4541990332603
"GGGATGAAGGTAGTAT-1_DV90-DV90","4",-4.51290877246857,5.95460434484482
"AGGAGGTCACGCCACA-1_HTB178_HTB178-HTB178","1",6.8607145986557,3.1200520567894
"TCGGGCACACTGCACG-1_PBMC-PBMCs","2",-3.51241047763824,-0.852075023174286
"ATCGCCTGTCACCCTT-1_CRL5868-CRL5868","7",13.3532115659714,-4.52407316637039
"AGAGCCCGTTGTATGC-1_CRL5868-CRL5868","6",15.3193723402023,-6.34501103830338
"TGTGTGATCACTACTT-1_CRL5868-CRL5868","6",15.6357585630417,-7.37382583093643
"AGACTCACACGCTATA-1_PBMC-PBMCs","2",-1.28541095638275,-0.411226553440094
"ATACCTTAGACATCAA-1_HTB178_HTB178-HTB178","1",7.01426474666595,1.63404627370834
"GAGACCCCAACTGTGT-1_HTB178_HTB178-HTB178","1",7.88452069377899,2.21014328527451
"CAAAGAACACTAAACC-1_HCC78-HCC78","5",6.84760777568817,16.176384168148
"TACGGGCTCCTTCGAC-1_HCC78-HCC78","5",6.59976641750336,16.5224344305992
"TGATCAGAGAGAGCCT-1_CCL-185-IG-CCL-185-IG","0",-11.4428127565384,-4.82083372545242
"GATCGTACAGATCATC-1_CRL5868-CRL5868","6",15.4170791349411,-7.34285430383682
"GGTGATTCAGAGACTG-1_CRL5868-CRL5868","6",15.3167726240158,-7.07287339639664
"CTCCAACTCCGTACGG-1_PBMC-PBMCs","2",-4.33466275119781,-0.6781634516716
"TACCCGTAGGTATCTC-1_PC9-PC9","3",6.28566948986053,-8.69143704843521
"CGGGTGTCAATTTCCT-1_A549-A549","0",-13.6153162279129,-4.64272598695755
"TGTCCTGAGTCATTGC-1_CCL-185-IG-CCL-185-IG","0",-12.6680038728714,-4.87009529542923
"TCCGTGTTCCAAGCTA-1_HTB178_HTB178-HTB178","1",8.21234910106659,3.3641116194725
"GTCATTTGTCTACATG-1_PBMC-PBMCs","2",-4.10205443286896,-1.04160348844528
"TTGTTTGTCAACCTCC-1_A549-A549","0",-12.5243719377518,-3.50029603910446
"CCGGTAGAGATGAATC-1_HTB178_HTB178-HTB178","1",7.35472647762299,2.59377356100082
"GCATCGGAGTGAGGCT-1_PC9-PC9","3",6.76534859752655,-6.77817134332657
"ACATGCAGTACGCTTA-1_CCL-185-IG-CCL-185-IG","0",-14.9087742128372,-5.58850006532669
"AGGAAATTCATCAGTG-1_DV90-DV90","4",-3.67634470844269,5.38312073278427
"AGAAATGTCGGAAACG-1_A549-A549","0",-10.9284542360306,-4.23369388055801
"GCTTGGGCAAATCGTC-1_CCL-185-IG-CCL-185-IG","0",-13.1138971605301,-5.66870431375504
"CCTTGTGTCCACACAA-1_PBMC-PBMCs","2",-5.0003636636734,-1.05667476129532
"TATTGCTGTGTCCGTG-1_PBMC-PBMCs","2",-2.46325619602203,-0.647700113773346
"TGCTTCGGTTCTCTCG-1_PBMC-PBMCs","2",-3.66736538791656,-1.12060694169998
"CAAGAGGAGAAGTCCG-1_PC9-PC9","3",5.80145256137848,-8.31748370599747
"CCGAACGGTGTCATTG-1_A549-A549","0",-11.837457493782,-4.59322862100601
"CGGGACTAGATCCGAG-1_CCL-185-IG-CCL-185-IG","0",-13.2410209932327,-5.92410878610611
"TCCTCGACACATACGT-1_PBMC-PBMCs","2",-2.49726183795929,-0.127580685138702
"CATTTCACACCGTCTT-1_PC9-PC9","3",7.11240737056732,-5.84086970758438
"TAGTGCAAGTGAGCCA-1_A549-A549","0",-11.4304121294022,-4.03929511976242
"TCTTGCGAGGTAAACT-1_PBMC-PBMCs","2",-3.91108734989166,-1.23802523088455
"TTCTTCCCAGAGACTG-1_A549-A549","0",-13.2546690263748,-3.40004865598679
"TCTCACGTCTACGCGG-1_HCC78-HCC78","5",6.81855647182465,16.3108770422935
"TCATGAGTCCGACGGT-1_CCL-185-IG-CCL-185-IG","0",-11.5848730363846,-5.05743555498123
"TTTATGCAGAGTTGTA-1_PBMC-PBMCs","2",-1.35765703105927,-0.45582572889328
"ATTCACTGTGAAAGTT-1_CCL-185-IG-CCL-185-IG","0",-14.3896778383255,-5.98792271089554
"TGTTGAGGTGGCTGCT-1_HCC78-HCC78","5",6.98367993450165,16.0264226965904
"GTAGAAATCGAAACAA-1_HTB178_HTB178-HTB178","1",7.31225983715057,1.66066356229782
"ACGCACGTCGGTGTAT-1_HTB178_HTB178-HTB178","1",7.21135537242889,1.55542011785507
"CGAATTGAGCTGGCCT-1_DV90-DV90","4",-3.71009047412872,6.9311019949913
"CTAACCCCAGGTACGA-1_HTB178_HTB178-HTB178","1",8.21880166149139,4.03393288183212
"CTTGATTTCCCGTGTT-1_HTB178_HTB178-HTB178","1",6.77489153957367,2.18853207159042
"TATCCTACATGTGCTA-1_CCL-185-IG-CCL-185-IG","0",-12.776443318367,-4.10494796705246
"GTCGTAATCCATTGGA-1_PC9-PC9","3",6.09881703472137,-7.50333527994156
"TGCGGGTAGACTTAAG-1_HTB178_HTB178-HTB178","1",7.46927897548676,1.82967277097702
"AAAGGGCAGAATCGTA-1_CRL5868-CRL5868","7",13.1604749403,-4.46752838563919
"AACCACATCGCGGTAC-1_HCC78-HCC78","5",6.48397509670258,16.8262807898521
"GGCTTGGGTCAACGCC-1_A549-A549","0",-11.1103800096512,-4.45940164995193
"GGTGATTTCGTAGTGT-1_CRL5868-CRL5868","6",15.4632980070114,-6.97489623498917
"TACTTACGTCTGCCTT-1_DV90-DV90","4",-3.34581644916534,6.65119286108017
"ATCGTCCGTCCAGGTC-1_CCL-185-IG-CCL-185-IG","0",-14.571907834053,-5.42364720773697
"GGGACAAAGACATCCT-1_A549-A549","0",-10.8284166612625,-4.61970905733109
"TTATTGCTCAACGTGT-1_PC9-PC9","3",6.05856959438324,-7.95056180429459
"TATTCCATCTATGTGG-1_HTB178_HTB178-HTB178","1",7.44479195690155,3.77166529226303
"CTGAGCGGTAACGTTC-1_HTB178_HTB178-HTB178","1",6.94333283519745,1.75024123716354
"AACAAAGTCGGTCGGT-1_A549-A549","0",-11.7330091753006,-3.68793754053116
"GAAGGACCAACGCCCA-1_PBMC-PBMCs","2",-1.51428301715851,-0.22817794752121
"ACAGCCGTCTACTATC-1_CRL5868-CRL5868","7",13.811332865715,-4.5974817700386
"CCGCAAGCATATGGCT-1_PBMC-PBMCs","2",-3.46657593631744,-0.819284958362579
"ACGGGTCCAGATACTC-1_A549-A549","0",-12.1052082338333,-3.46785823774338
"TAATTCCTCGTTCTGC-1_HTB178_HTB178-HTB178","1",6.33721558666229,2.4948865942955
"GAGACTTTCCGAGTGC-1_HCC78-HCC78","5",6.71924702739716,16.656048017025
"GTTACAGGTTGCGTAT-1_HTB178_HTB178-HTB178","1",6.7641455373764,3.06281395483017
"TTCTGTATCGGCCTTT-1_CCL-185-IG-CCL-185-IG","0",-11.7295034685135,-4.03108827543259
"ACCGTTCCAATCTCGA-1_A549-A549","0",-14.11771281147,-3.51111034822464
"GATGATCGTCAACCTA-1_CRL5868-CRL5868","6",15.3664714536667,-7.24389390420914
"TCTCTGGGTGACTCTA-1_PC9-PC9","3",6.84414927577972,-5.85385159921646
"AGTCATGAGGATATAC-1_HTB178_HTB178-HTB178","1",6.68607203578949,2.92865868139267
"AGGGTCCCATAGCTGT-1_PC9-PC9","3",5.70875470256805,-9.11796168756485
"TCATGTTTCTACTTCA-1_CRL5868-CRL5868","7",13.6755515775681,-4.49334244203567
"GTGAGTTCATCCGTTC-1_HCC78-HCC78","5",4.97972123241425,17.5578443579674
"ACTCCCATCCACTGAA-1_PBMC-PBMCs","2",-2.38455803775787,-0.413953942775726
"ACCACAACAGCCCAGT-1_DV90-DV90","4",-3.35854657077789,7.74780388402939
"TCGGGCAAGCCGGAAT-1_A549-A549","0",-14.0550182619095,-3.53800181818008
"GTGCACGGTGTGTCGC-1_HCC78-HCC78","5",5.63416711902618,17.0818121008873
"ATGAGTCTCGGAATTC-1_CRL5868-CRL5868","7",12.9009105405807,-4.24423698854446
"CTGTGGGGTACGTAGG-1_PC9-PC9","3",6.08166806316376,-7.72213010263443
"AAAGTGAAGATTCGCT-1_CCL-185-IG-CCL-185-IG","0",-13.4437282838821,-5.41606549692154
"GTCTCACTCAGCTTCC-1_CCL-185-IG-CCL-185-IG","0",-14.4462230958939,-4.53344015550613
"TGATGCACAGGCTTGC-1_HCC78-HCC78","5",7.07651488399506,16.2869703345299
"TAGCACACAGGGATAC-1_HTB178_HTB178-HTB178","1",8.12183730220795,2.98241873311996
"TACGGTAAGCGGACAT-1_HTB178_HTB178-HTB178","1",6.77372376537323,2.33625145483017
"ATGTCTTGTGAATGAT-1_HCC78-HCC78","5",5.21141211605072,16.9237062506676
"CAACGGCTCAAACCTG-1_PC9-PC9","3",5.89172927951813,-7.8495901055336
"ACACAGTCATCGATCA-1_CRL5868-CRL5868","1",12.5247527799606,-3.55381743383408
"TCGTGGGCAGAACATA-1_A549-A549","0",-11.4502704896927,-3.73859302473068
"TGGCGTGTCGCAGTCG-1_PC9-PC9","3",5.48064272022247,-8.95115737390518
"CTCCGATTCCATCTAT-1_CRL5868-CRL5868","7",12.7886106214523,-3.81880764436722
"TCGGGACCAACAGCCC-1_PC9-PC9","3",6.58666054821014,-6.63162402582169
"CGGGTCACACACACTA-1_CCL-185-IG-CCL-185-IG","0",-11.5201404848099,-4.82927874994278
"GAGTCATCAGTTTCGA-1_CCL-185-IG-CCL-185-IG","0",-14.2061107912064,-3.72560946416855
"GTGTGGCTCGCTCCTA-1_CRL5868-CRL5868","6",15.2688428602219,-6.35988311243057
"TTTGACTGTAGAAACT-1_HTB178_HTB178-HTB178","1",8.07960335826874,3.28864069509506
"GACTTCCGTTCTCTCG-1_PC9-PC9","3",5.98764888858795,-8.24623135995865
"GTATTGGTCTAGCAAC-1_CCL-185-IG-CCL-185-IG","0",-14.6645019807816,-5.21750096750259
"GCTACAACAGCTGCCA-1_PC9-PC9","3",6.24450604534149,-6.96759585809708
"GAACACTCAGCTGTGC-1_CCL-185-IG-CCL-185-IG","0",-12.901386097908,-5.09549002122879
"TGCTGAAAGTAGACAT-1_CCL-185-IG-CCL-185-IG","0",-12.3317135133743,-3.67232493829727
"ACTCTCGTCAGGGATG-1_CCL-185-IG-CCL-185-IG","0",-14.0654152193069,-4.28355388116837
"ATTTACCGTGTGACCC-1_A549-A549","0",-14.6256378450394,-4.00410191488266
"TCTAACTGTGTGTACT-1_A549-A549","0",-14.2801388063431,-3.69020728540421
"GACTCTCCACATTCGA-1_CRL5868-CRL5868","6",15.2739888868332,-7.17086104822159
"GTATTGGCATCCCACT-1_CCL-185-IG-CCL-185-IG","0",-14.5023296632767,-6.0736370511055
"GCCAGGTCACGGGTAA-1_HTB178_HTB178-HTB178","1",6.20607678508759,2.64405127096176
"GACTATGGTGAGATTA-1_DV90-DV90","4",-3.28044064426422,6.53802414464951
"GGTAGAGAGCCTCAGC-1_HCC78-HCC78","5",4.9283460817337,17.7688867621422
"AGAGCAGAGTTCCAGT-1_CCL-185-IG-CCL-185-IG","0",-12.7975214281082,-5.159865421772
"ACTGTCCTCACCTCAC-1_CRL5868-CRL5868","6",14.9101773939133,-6.05691937875748
"AATCGTGAGCTGTGCC-1_PC9-PC9","3",6.61932818508148,-6.88932542276382
"TAGGTTGCAAAGCTAA-1_PBMC-PBMCs","2",-3.86722500705719,-0.623293680667877
"TCATATCTCGTAGCTA-1_PBMC-PBMCs","2",-2.26868708515167,-0.156873268604278
"CTATCTATCGTTATCT-1_HCC78-HCC78","5",7.24012677288055,16.0072309546471
"ACTGCAATCGCCGAAC-1_PC9-PC9","3",6.12902276134491,-8.08796529245377
"TACCCGTCAAGATTGA-1_HCC78-HCC78","5",5.54915301418304,17.1875726752281
"ATTTCACGTAGCCAGA-1_PBMC-PBMCs","2",-4.38813193225861,-1.16210178804398
"AATAGAGTCCCTCTAG-1_CCL-185-IG-CCL-185-IG","0",-14.7450302400589,-5.87945155572891
"AAAGGGCGTGGCAGAT-1_CRL5868-CRL5868","6",15.6288625440598,-6.81430415582657
"TCTCAGCCATCCGGTG-1_A549-A549","0",-11.9116285600662,-4.10035268735886
"GTCATCCTCCAATCTT-1_DV90-DV90","4",-4.60080607318878,5.96859856176376
"TGCCGAGGTCGATTCA-1_DV90-DV90","4",-3.57067473316193,5.42314978170395
"TTGACCCGTACGGATG-1_DV90-DV90","4",-3.9748304643631,7.01263733434677
"GTTGCGGTCAGAATAG-1_PBMC-PBMCs","2",-3.5919106760025,-1.0216533370018
"ATCCGTCGTCTCAGAT-1_HTB178_HTB178-HTB178","1",8.07550160503387,2.52260466146469
"ATCCCTGCAGCAGATG-1_CCL-185-IG-CCL-185-IG","0",-13.3687303819656,-5.13433007669449
"GCTACCTAGGTTCTAC-1_PBMC-PBMCs","2",-4.74861319446564,-0.780136031627655
"GCTTGGGCAGTTGAAA-1_CCL-185-IG-CCL-185-IG","0",-13.0869100847244,-5.63140587282181
"ATACCTTTCACAGAGG-1_HCC78-HCC78","5",5.54492561435699,17.8714830451012
"CTATCTACATTCTCCG-1_A549-A549","0",-14.2233913698196,-3.60203985643387
"TCCGTGTCAGATACCT-1_CRL5868-CRL5868","6",14.9656554899216,-6.70260075998306
"AGGATCTAGTCACTAC-1_PBMC-PBMCs","2",-1.91266949558258,-0.312654299259186
"GTTAGACAGGTTGAGC-1_DV90-DV90","4",-3.82843668842316,6.55038567113876
"TATCAGGGTCTTTATC-1_CRL5868-CRL5868","6",15.7855054578781,-7.14441470575333
"AATAGAGGTCGATTAC-1_HCC78-HCC78","5",5.04908744907379,17.6829950385094
"ACGTCCTTCAGGAAGC-1_PBMC-PBMCs","2",-2.96946413898468,-0.588684601306915
"TAATTCCGTACGAAAT-1_DV90-DV90","4",-3.90374644184113,5.42127485799789
"ACAACCATCTGCTGAA-1_CRL5868-CRL5868","6",14.9325811109543,-6.3812063164711
"GTAGTACAGGTGGCTA-1_PBMC-PBMCs","2",-3.12072308444977,-0.728300852298736
"AAAGGGCTCCGCTAGG-1_DV90-DV90","4",-3.37957175159454,7.74027653264999
"GAAGAATGTTTGGAAA-1_DV90-DV90","4",-4.43292649173737,5.73051186132431
"GATTTCTTCTCGGTCT-1_CCL-185-IG-CCL-185-IG","0",-15.020415143013,-4.99812535715103
"GTTGCGGTCTGAGAGG-1_DV90-DV90","4",-4.03218443775177,6.9458143286705
"AGGGCCTGTCATCGCG-1_PC9-PC9","3",5.4666089258194,-9.07456855249405
"AGTCACAGTTAAGACA-1_HTB178_HTB178-HTB178","1",7.74154297924042,2.19545765447617
"TCCTTCTTCCTAACAG-1_DV90-DV90","4",-4.37604792499542,7.30074616003037
"GGGACAACACAAATGA-1_PBMC-PBMCs","2",-3.76184447193146,-1.04239682626724
"GGGCGTTCAGTAGTGG-1_CRL5868-CRL5868","6",15.4804851255417,-6.70229224634171
"GCCCAGACAGGCACTC-1_PBMC-PBMCs","2",-3.82132895374298,-1.12039999437332
"ACAGGGAAGGTTCACT-1_HCC78-HCC78","5",4.79427377796173,17.1544172339439
"CAAGACTCAGGGCTTC-1_PBMC-PBMCs","2",-4.57178481006622,-0.763246817111969
"TAATTCCAGACGATAT-1_A549-A549","0",-13.8247087755203,-4.20570496988296
"CCGTGAGCAGCATGCC-1_DV90-DV90","4",-3.88242371463776,7.14499779272079
"GGAATCTTCGAAATCC-1_HTB178_HTB178-HTB178","1",7.50878970241547,2.09312744665146
"GAACGTTGTCTTCGAA-1_CRL5868-CRL5868","7",12.8889924726486,-4.41869620752335
"CAGGCCAGTATCGTGT-1_CCL-185-IG-CCL-185-IG","0",-12.9902933397293,-4.6415081448555
"GAAGGGTGTCCGGCAT-1_CCL-185-IG-CCL-185-IG","0",-14.3261554994583,-5.35434202623367
"GGCTGTGCAAGACAAT-1_A549-A549","0",-12.3494404115677,-3.78021852445602
"AGATCCACAACCGGAA-1_A549-A549","0",-12.6244180955887,-3.31896547746658
"CTGGCAGCACTGCACG-1_DV90-DV90","4",-4.59593470478058,6.04073925542831
"CTTTCAAAGTAGGAAG-1_PC9-PC9","3",6.78878657436371,-6.0155258603096
"ACTATTCAGGATTTGA-1_CRL5868-CRL5868","7",12.7024604520798,-3.558901948452
"TAAGCCATCTGGGCAC-1_CCL-185-IG-CCL-185-IG","0",-13.0863474168777,-5.28399137926102
"GTCACGGGTGTGCCTG-1_CRL5868-CRL5868","6",15.5491191587448,-7.28433017206192
"TTCCTAAAGTGCGTCC-1_A549-A549","0",-12.2348516740799,-4.26211909723282
"CAGATTGAGACGGTTG-1_DV90-DV90","4",-3.57691080951691,5.52909155416489
"CCACCATGTGGCTACC-1_HCC78-HCC78","5",4.86220948314667,17.4097387366295
"TATACCTTCAAATGCC-1_CCL-185-IG-CCL-185-IG","0",-15.122839764595,-5.53084473085403
"TGCTCGTCATCATCTT-1_PC9-PC9","3",6.27442280864716,-6.62704162073135
"AACAACCCAGGTCCGT-1_DV90-DV90","4",-3.72094853305817,5.4312183432579
"GGAGGTAGTCACTACA-1_HTB178_HTB178-HTB178","1",7.91939560985565,3.33336515951157
"ACCAAACCATGGAACG-1_PC9-PC9","3",6.63464514827728,-7.12693719339371
"ATACCGACAAGGTCGA-1_DV90-DV90","4",-3.30026801013947,6.76960106420517
"TATTCCAGTTGCTGAT-1_HCC78-HCC78","5",5.3304297170639,17.9021303229332
"CGTGATACAGAGGACT-1_DV90-DV90","4",-3.62075646305084,6.81087704229355
"GTAATGCCACAAGTTC-1_PBMC-PBMCs","2",-4.08985216999054,-1.31124673557281
"CATGGATTCCACCTCA-1_CRL5868-CRL5868","6",14.7630445203781,-5.80436639261246
"AGTTCGAGTGGCGTAA-1_HCC78-HCC78","5",6.92440478420258,16.3725034766197
"GCCAACGGTATCACGT-1_DV90-DV90","4",-4.63840945148468,6.95074863958359
"AGATGAATCCCATAAG-1_CCL-185-IG-CCL-185-IG","0",-12.7613352098465,-5.37830333185196
"ATCGTGAGTACTCGCG-1_PC9-PC9","3",6.62576500988007,-6.16129402589798
"TTGACCCAGTAGGCCA-1_HCC78-HCC78","5",6.27269284343719,17.0684854559898
"ACCGTTCAGGGAGGCA-1_CCL-185-IG-CCL-185-IG","0",-10.6841858186722,-4.69442467164993
"GAACACTAGACTCAAA-1_CCL-185-IG-CCL-185-IG","0",-12.4256351747513,-5.24996499490738
"ATGATCGAGGCTGAAC-1_DV90-DV90","4",-3.71888001346588,6.92651958990097
"CGAGAAGAGAGTGACC-1_CRL5868-CRL5868","6",15.2301789960861,-5.93236927461624
"TCTTTGAAGTACCATC-1_A549-A549","2",-5.34080870532989,-1.25517742109299
"CAATCGATCTTAGTTC-1_A549-A549","0",-12.0307901659012,-3.5442705578804
"ACACTGAGTGGTCTGC-1_CCL-185-IG-CCL-185-IG","0",-12.6999777116776,-5.47563604784012
"CGATGGCGTCTTGGTA-1_PC9-PC9","3",6.3150603017807,-8.44612101984024
"CTGAGCGAGACAAGCC-1_CRL5868-CRL5868","6",15.3634349546432,-6.50642852258682
"CGGTCAGCATAGGAGC-1_DV90-DV90","4",-4.48683197879791,6.66489429998398
"GCCGTGAAGGTACAGC-1_CRL5868-CRL5868","7",12.5568553647995,-3.64844004583359
"ATTATCCGTGGAACCA-1_HCC78-HCC78","5",6.13900773143768,17.2033884100914
"TGGATCACATTGTACG-1_DV90-DV90","4",-4.54005511188507,5.67953606176376
"TCGTAGATCCGTATGA-1_CCL-185-IG-CCL-185-IG","0",-14.021542386055,-5.73703770112991
"CATAGACTCTCCCAAC-1_DV90-DV90","4",-4.3315609254837,5.74166174459457
"CTGGACGGTCCACTCT-1_PC9-PC9","3",6.1988026342392,-8.29098061990738
"GCTGAATGTTATGGTC-1_HTB178_HTB178-HTB178","1",7.31412808513641,2.07120008993149
"GATTCGAGTGTCCGTG-1_PC9-PC9","3",6.37232987499237,-6.53690366220474
"CTGAATGTCCTACTGC-1_CCL-185-IG-CCL-185-IG","0",-12.6079881944656,-4.86919812631607
"TGTCCTGAGAATCGAT-1_CCL-185-IG-CCL-185-IG","0",-14.0705040254593,-6.00866274309158
"CCGAACGGTCCTGTTC-1_CRL5868-CRL5868","6",15.4144221982956,-6.65671090555191
"CTCAAGACATAACTCG-1_A549-A549","0",-10.83552821064,-4.51460079622269
"GTGCTGGTCATGCCCT-1_PBMC-PBMCs","2",-1.52057822132111,-0.234067959308624
"ATTCCCGTCCATCAGA-1_HCC78-HCC78","5",5.16012732601166,17.7058622412682
"TGGGCTGGTTGCGGAA-1_DV90-DV90","4",-4.57720358753204,7.07678814458847
"TGGTGATTCACTTCTA-1_HTB178_HTB178-HTB178","1",7.51391141033173,1.72433419752121
"GTCAGCGCACCCTAGG-1_HCC78-HCC78","5",5.099866314888,17.0725214056969
"AGTAGTCTCCTGTACC-1_A549-A549","0",-12.6007355012894,-4.64761857461929
"GCATGATTCAAGCGTT-1_CRL5868-CRL5868","6",15.0176107130051,-5.64203242731094
"CCTCACACAAAGACGC-1_CRL5868-CRL5868","7",12.8636972150803,-4.12036899995804
"ACTGTCCAGCATCAAA-1_PC9-PC9","3",6.28741662120819,-6.48142318201065
"CATTCTAAGTTAACAG-1_CCL-185-IG-CCL-185-IG","0",-14.4950722017288,-5.46852759790421
"GTCACGGCAACATCGT-1_A549-A549","0",-13.0686100282669,-3.7165037817955
"TGAGCATAGACAGCGT-1_CCL-185-IG-CCL-185-IG","0",-14.3930328645706,-5.04237489175796
"GACCGTGAGTGACACG-1_A549-A549","0",-12.2366054811478,-3.89109329652786
"TGATCAGCAGAATTCC-1_HCC78-HCC78","5",6.07043950176239,17.1495935492516
"ATCGTCCTCGCCAATA-1_CCL-185-IG-CCL-185-IG","0",-13.3232944765091,-5.30960850191116
"GCTACAAGTTTGTTGG-1_A549-A549","0",-14.2304352083206,-3.4733180232048
"CAACAACTCATGCCGG-1_PC9-PC9","3",6.74271838283539,-6.40687493753433
"TGCAGTAGTATGTGTC-1_HTB178_HTB178-HTB178","1",7.54074685192108,3.63853903341293
"TGGGAAGGTGAATATG-1_CCL-185-IG-CCL-185-IG","0",-13.6851995744705,-6.01528243494034
"GATCACAGTTCATCGA-1_PBMC-PBMCs","2",-3.14764292621613,-0.702989024639129
"GGGTAGAAGCACGTCC-1_PBMC-PBMCs","2",-4.15428336048126,-1.1741323299408
"TCTCACGTCCCGTTGT-1_A549-A549","0",-12.8389309206009,-3.62431172800064
"CGATGCGGTAACGCGA-1_PC9-PC9","3",6.56121508693695,-6.28567294549942
"GATTGGTTCCGCAAAT-1_A549-A549","0",-11.5849989213943,-3.88168363046646
"TGACGCGTCGCGTGCA-1_HTB178_HTB178-HTB178","1",6.22100321865082,2.86150761175156
"TGAGCATTCAGCAATC-1_HCC78-HCC78","5",5.81481568431854,17.3532030158043
"TCGGGTGCACTGTTCC-1_HTB178_HTB178-HTB178","1",7.67793528652191,2.51876278448105
"ATACTTCTCGGTCGGT-1_HTB178_HTB178-HTB178","1",7.17261712169647,1.70929666090012
"GCGGAAAGTCTTCTAT-1_HCC78-HCC78","5",6.98483626461029,16.1031305365562
"CTCGAGGAGCTCGAAG-1_PC9-PC9","3",6.15795628643036,-8.84308604669571
"TTCCTTCCATCCTATT-1_A549-A549","0",-14.4798019685745,-3.73394529294968
"TGTACAGCATCCTATT-1_CCL-185-IG-CCL-185-IG","0",-13.8360374727249,-5.62098650407791
"AGGTGTTGTATACCCA-1_PC9-PC9","3",6.30763690090179,-8.57012252283096
"CATTGAGGTCCACGCA-1_HTB178_HTB178-HTB178","1",8.08889071559906,2.63009853887558
"ATTCATCAGCGAAACC-1_HCC78-HCC78","5",7.074639960289,16.1866743140221
"AGTGACTCACTGTCCT-1_PBMC-PBMCs","2",-4.99131329441071,-0.989903850078583
"ACTTATCTCTCTCGCA-1_PBMC-PBMCs","2",-1.46306164646149,-0.425134701251983
"ACAAAGACAATCAAGA-1_DV90-DV90","4",-4.86455853366852,5.90684910345078
"CATTCATTCCCTCTCC-1_PC9-PC9","3",6.95216290569305,-5.77174620103836
"GAGTTGTAGCGTTAGG-1_CCL-185-IG-CCL-185-IG","0",-14.0961883821487,-4.40700034570694
"TGCATGAAGGGCATGT-1_PBMC-PBMCs","1",7.73836009120941,2.8479573302269
"TTCCGGTTCATGAGAA-1_CCL-185-IG-CCL-185-IG","0",-11.7883756914139,-4.80154995393753
"GGAGGATGTTTCTTAC-1_HCC78-HCC78","5",5.60712234592438,17.7867509894371
"GTAGCTACAGCACAGA-1_CCL-185-IG-CCL-185-IG","0",-14.8122413911819,-5.73815612268448
"GGGTGAATCTTCTAAC-1_HCC78-HCC78","5",4.9675432882309,17.2308389716148
"AGGACGATCCGTAGTA-1_CRL5868-CRL5868","7",13.4323083600998,-4.4851999707222
"CATTGAGCAGTCTACA-1_DV90-DV90","4",-4.34430821323395,6.44036121892929
"CATCGCTCAAAGACGC-1_HTB178_HTB178-HTB178","1",7.45027272319794,2.07886095571518
"ACGCACGAGGCGTTAG-1_CCL-185-IG-CCL-185-IG","0",-12.0136707582474,-5.01573495340347
"ATAGACCGTATCAGCT-1_CCL-185-IG-CCL-185-IG","0",-14.3283832826614,-5.17410020303726
"GTAGAAATCTATCGCC-1_PBMC-PBMCs","2",-2.91261465930939,-0.456092757701874
"AGATGAATCGGAGATG-1_CRL5868-CRL5868","6",14.9768573484421,-5.98070077371597
"CCTCATGGTCCAAAGG-1_HTB178_HTB178-HTB178","1",7.58809678173065,3.97071333456039
"GGGACCTGTGCCTAAT-1_HCC78-HCC78","5",5.55287997341156,18.0326845221519
"GGAATGGCATTGACAC-1_HCC78-HCC78","5",5.23611704921722,17.7972433142662
"TGCCGAGTCCTACTGC-1_HTB178_HTB178-HTB178","1",7.61968676662445,4.01866789388657
"TCACGGGGTCATCAGT-1_A549-A549","0",-12.4066751756668,-4.44998697710037
"AGTACCACACGTAGAG-1_PBMC-PBMCs","2",-2.86296875858307,-0.641890687465668
"AGCTCAATCGTAACAC-1_CRL5868-CRL5868","7",12.6260558805466,-4.13900248479843
"ACTTAGGAGCGTGTCC-1_HCC78-HCC78","5",6.55106417751312,16.6366521887779
"AGAACCTGTGTCATCA-1_A549-A549","0",-13.2435215272903,-3.57740919065475
"CTCCTCCTCGAACCAT-1_CRL5868-CRL5868","7",12.8246871671677,-3.67716876935959
"CTTGAGAGTGAGCCAA-1_HTB178_HTB178-HTB178","1",7.20163695430756,1.85613174962997
"AGTCATGCAAATAGCA-1_A549-A549","2",-5.04177601718903,-1.25540451478958
"CTCCATGGTCCACTTC-1_PBMC-PBMCs","2",-2.63481266880035,-0.260575217723846
"CGAGTGCGTCCGGATC-1_DV90-DV90","4",-4.02118285083771,5.5113250784874
"GGGTGTCTCCGTAGTA-1_CRL5868-CRL5868","7",13.2878677091599,-4.54508189630508
"AACCATGAGTTTCGAC-1_PC9-PC9","3",6.67245261287689,-6.73331622552872
"CCTAACCTCCGCAGTG-1_PBMC-PBMCs","2",-4.38923485660553,-0.830543441295624
"AGTCAACTCGTAGCCG-1_HCC78-HCC78","5",5.03391902065277,17.1456300787926
"TACTTGTGTATACAGA-1_PBMC-PBMCs","2",-2.64428885364532,-0.373621148586273
"GGTAACTGTTGCACGC-1_CRL5868-CRL5868","6",15.6776458463669,-6.90766696405411
"GATCGTACATGAGATA-1_DV90-DV90","4",-4.87361510181427,6.13319607305527
"TCACGGGCATCCGAGC-1_CRL5868-CRL5868","7",12.8632346830368,-4.26935963106155
"GTGCACGGTAGTCTGT-1_PBMC-PBMCs","2",-4.56973202610016,-1.09622864198685
"AAGTCGTAGGTCTACT-1_PC9-PC9","3",6.58472029781342,-6.97140912485123
"ATCGCCTGTGAATAAC-1_CCL-185-IG-CCL-185-IG","0",-14.6881988801956,-4.54069666337967
"CAGCAGCCACTTCCTG-1_HTB178_HTB178-HTB178","1",7.62547127819061,3.95684214162827
"GTTACGACACCAACAT-1_PBMC-PBMCs","2",-2.51641257190704,-0.244305653095245
"GCCGTGAAGTTGCATC-1_DV90-DV90","4",-4.91018088245392,6.28980465459824
"TGCGATAGTAGCTAAA-1_DV90-DV90","4",-3.20383484745026,7.15746994543076
"AGTCTCCAGCTCTTCC-1_PC9-PC9","3",7.08112303829193,-5.77398495149612
"ATACTTCCATTCTGTT-1_PBMC-PBMCs","2",-2.78968413257599,-0.341750783443451
"AGGGTCCGTACAGTCT-1_PC9-PC9","3",6.37529055690765,-6.40657405328751
"CCCGGAACAACTGAAA-1_HTB178_HTB178-HTB178","1",7.66185681438446,3.36938639211655
"TATGTTCGTACCGGAA-1_CRL5868-CRL5868","6",14.9443818769455,-5.79822139215469
"GGGTCACGTCAGACTT-1_PC9-PC9","3",6.98078600978851,-5.80370144319534
"TTAGTCTCAGTCGCTG-1_HTB178_HTB178-HTB178","1",8.13734690761566,3.93331547307968
"GAGAGGTGTGTGGACA-1_DV90-DV90","4",-4.22419865512848,7.2445146613121
"CATGCAAGTATGAGCG-1_PC9-PC9","3",6.3722326002121,-7.0273507065773
"CCAAGCGGTACGTAGG-1_PC9-PC9","3",6.58196847057343,-6.70576028299332
"GATTCGAAGATGCTGG-1_HCC78-HCC78","1",4.89103905773163,17.3230573706627
"ACCAACAGTCACCACG-1_DV90-DV90","4",-4.83595116519928,6.56533356237412
"TCATGTTCACGGCTAC-1_PBMC-PBMCs","2",-4.86252386951447,-0.982785624980926
"ATGCATGGTCTCTCCA-1_PC9-PC9","2",-4.68073494815826,-1.33386920166016
"ACAACCATCTTAGTTC-1_HTB178_HTB178-HTB178","1",6.64030282115936,2.41498394536972
"TTCCACGCATCTTCGC-1_CCL-185-IG-CCL-185-IG","0",-14.9497631349564,-4.67119006586075
"AGTGACTCATTCTCCG-1_PBMC-PBMCs","2",-1.71295960330963,-0.122087282657623
"CGCCAGAGTTTACGTG-1_DV90-DV90","4",-3.88988860034943,6.54912586736679
"CCTTGTGCAATCGCCG-1_CCL-185-IG-CCL-185-IG","0",-13.1008785524368,-5.52246407938004
"TTCTGTATCTTGGGCG-1_HCC78-HCC78","5",7.0986353597641,16.1127817206383
"CCTCCTCGTTTACTTC-1_PBMC-PBMCs","2",-2.34745009326935,-0.238444489955902
"AGAGAATAGGTTGTTC-1_HTB178_HTB178-HTB178","1",7.61855713939667,4.01939983892441
"GCAACATTCACTCACC-1_HCC78-HCC78","5",5.87292306041718,17.2963335089684
"CTAACCCGTGCACATT-1_DV90-DV90","4",-4.87798388385773,6.27326317358017
"GGGCTACCAAGAGGTC-1_PC9-PC9","3",5.52002470111847,-9.08165769052506
"ACTATCTTCTGAATGC-1_PC9-PC9","3",6.24713294124603,-7.9285958237648
"CACTTCGGTTGCTCCT-1_CRL5868-CRL5868","7",12.6504060468674,-3.76313726377487
"CTACATTTCCGTGACG-1_PC9-PC9","3",5.7118539056778,-8.94959716272354
"CCGCAAGGTCGTGATT-1_HTB178_HTB178-HTB178","1",6.48637549495697,3.30382080602646
"GTCGCGATCCTCAGAA-1_PBMC-PBMCs","2",-3.65468295001984,-0.912510675907135
"AATGCCACAGAGATTA-1_DV90-DV90","4",-4.3716753282547,7.23239536809921
"TATATCCGTCCGTACG-1_HTB178_HTB178-HTB178","1",6.24889294719696,3.05911560583115
"CTGAGGCAGTTGTACC-1_HCC78-HCC78","5",5.48004762744904,17.5849859290123
"TAACGACAGACCTCAT-1_PC9-PC9","2",-5.04241831684113,-1.32332418632507
"TAAGCGTGTCTACAAC-1_PBMC-PBMCs","2",-3.69918902301788,-1.01949207258224
"ATGTCCCAGGTGCCTC-1_A549-A549","0",-13.8070610322952,-3.5931773610115
"GGAATCTTCGATCCCT-1_PC9-PC9","3",6.63098303890228,-6.96949319314957
"AGGAGGTTCCGTCAAA-1_CCL-185-IG-CCL-185-IG","0",-11.6935718812943,-4.31023768854141
"CCGGGTACACACCTGG-1_CCL-185-IG-CCL-185-IG","0",-14.6559246339798,-5.53078679513931
"GGAGAACAGTAGTCTC-1_PC9-PC9","3",6.31969945049286,-8.49699191522598
"TACAACGGTTATCTTC-1_CRL5868-CRL5868","7",13.1539060316086,-4.29901341867447
"GAGGGTACACCTTCGT-1_CRL5868-CRL5868","7",13.7670270643234,-4.63057522249222
"GTTACGAAGGTCCCTG-1_CCL-185-IG-CCL-185-IG","0",-13.8599518098831,-5.16358975839615
"CGGAGAACACAGAGAC-1_CRL5868-CRL5868","7",13.6083413801193,-4.59378842782974
"TTACTGTAGTTTAGGA-1_HTB178_HTB178-HTB178","1",6.51150052165985,2.78293724584579
"CGTAAGTTCTGTTGGA-1_PC9-PC9","3",6.32574002361298,-7.05083255243301
"AACAAGAGTTTACCTT-1_CCL-185-IG-CCL-185-IG","0",-12.2366598405838,-5.04152922105789
"GTCATCCAGTTAGAAC-1_HTB178_HTB178-HTB178","1",7.03922574138641,3.31010790395737
"CTGGACGAGCCACAAG-1_PC9-PC9","3",6.45538823223114,-7.96102742624283
"GCATCGGGTCGTGTTA-1_HTB178_HTB178-HTB178","1",7.11840216732025,2.07200928258896
"GATTCTTTCCAAAGGG-1_CRL5868-CRL5868","7",13.0434219083786,-4.13092867803574
"ATGCGATAGTGTAGAT-1_CCL-185-IG-CCL-185-IG","0",-10.7291734972,-4.65466622781754
"CATGCGGAGTCTACCA-1_A549-A549","0",-13.3308361330032,-3.68953470659256
"TGGAACTTCGCGTCGA-1_HTB178_HTB178-HTB178","1",7.94526211833954,2.70146294164658
"CTAGACAGTGCTAGCC-1_A549-A549","0",-14.5257957735062,-3.88513867330551
"CTGCATCGTTGGCCGT-1_CCL-185-IG-CCL-185-IG","0",-14.6561096467972,-5.78504256677628
"CGCCATTGTCAACCAT-1_CRL5868-CRL5868","7",13.644322558403,-4.65688209009171
"CGAAGGAAGCCACTCG-1_CCL-185-IG-CCL-185-IG","0",-13.7441662111282,-5.35170630884171
"GACCAATGTAGGACCA-1_CRL5868-CRL5868","7",14.1626464567184,-5.29317073297501
"GATAGAACACCTCGTT-1_CRL5868-CRL5868","7",13.1199580869675,-4.43774299097061
"AACAAGAGTCTGTGAT-1_PBMC-PBMCs","2",-3.40103371524811,-0.667942566394806
"CCTTCAGAGATCGCCC-1_DV90-DV90","4",-3.76948912525177,7.41781540441513
"GATGGAGAGCTGACAG-1_HCC78-HCC78","5",5.27954976177216,17.9706995062828
"ACTGCAAGTAGCGCTC-1_HTB178_HTB178-HTB178","1",7.09099595165253,2.67841692495346
"CCCTTAGCAGGCATTT-1_CRL5868-CRL5868","6",15.682655497551,-7.08144883584976
"TACCTCGCAGCTGAGA-1_DV90-DV90","4",-4.53109677219391,6.64379711675644
"TACACCCAGAGCAGCT-1_PBMC-PBMCs","2",-1.35602147960663,-0.439800424098968
"GCTACCTTCCGACATA-1_CCL-185-IG-CCL-185-IG","0",-14.753590420723,-5.13630465936661
"AAATGGACAGTAGTTC-1_HTB178_HTB178-HTB178","1",8.11794583415985,3.94078751134872
"GTAACCAGTTCACGAT-1_CRL5868-CRL5868","6",15.1538144788742,-5.93194369745255
"GTGCACGAGTGATAGT-1_A549-A549","0",-12.1431082048416,-3.93446628522873
"AGCCAGCCAATCGCGC-1_DV90-DV90","1",-3.20498497867584,5.23330994176865
"TGTCCTGCAGACAATA-1_HCC78-HCC78","5",5.26627533054352,17.2477609686851
"CAACCAATCCTCAGAA-1_PBMC-PBMCs","2",-2.34600384616852,-0.325645250797272
"TTTGTTGAGGAGAATG-1_CCL-185-IG-CCL-185-IG","0",-13.2623699464798,-5.91674999666214
"ATCGATGTCTTAAGGC-1_CRL5868-CRL5868","6",15.4760534009933,-7.0638440079689
"GTGCTGGGTTTGCCGG-1_DV90-DV90","4",-4.10490544223785,6.43619652318954
"TTACTGTCACTGTCGG-1_PBMC-PBMCs","2",-2.57759364032745,-0.432510060787201
"TCCATGCTCCTCAGAA-1_CCL-185-IG-CCL-185-IG","0",-14.7261150636673,-4.18328837823868
"ATCACGACAATCTCGA-1_CCL-185-IG-CCL-185-IG","0",-13.8286751070023,-5.14507035684586
"TACTGCCCAAAGCACG-1_CCL-185-IG-CCL-185-IG","0",-15.0263698854446,-5.72056416940689
"ACCAAACTCGCAACAT-1_A549-A549","0",-13.4238765993118,-3.76243118715286
"TACAGGTTCTGTGCTC-1_HTB178_HTB178-HTB178","1",8.0664293012619,2.63378639745712
"GTCTCACTCGCCGATG-1_HCC78-HCC78","5",5.08705298519135,17.8561727576256
"TACTGCCGTAAGCTCT-1_A549-A549","0",-10.9609983720779,-4.29860429239273
"GTGGGAACACTTCCTG-1_PBMC-PBMCs","2",-2.76669915103912,-0.276989264011383
"AGCATCATCTGGTTGA-1_HTB178_HTB178-HTB178","1",8.23666112041473,3.80544395971298
"AGACTCAAGCCACAAG-1_A549-A549","0",-14.2030933656693,-4.86368374300003
"CCAAGCGGTCACAGAG-1_CCL-185-IG-CCL-185-IG","0",-13.1286896028519,-4.78310780000687
"CACACAATCCAATCTT-1_A549-A549","0",-10.7957008638382,-4.56557778787613
"ATGGATCAGGCGACAT-1_HTB178_HTB178-HTB178","1",8.2324768743515,3.87556858587265
"ACTATGGAGACCAGAC-1_CRL5868-CRL5868","6",14.9644643507004,-6.35486058664322
"ACACGCGAGTAATCCC-1_DV90-DV90","4",-4.81309254550934,6.15023632574081
"AGTGATCAGCAGCGAT-1_HCC78-HCC78","5",6.25954072093964,16.8773614935875
"TACGTCCAGATAGTGT-1_DV90-DV90","4",-4.4169200220108,7.20644398260117
"TGTCCTGCATAGGCGA-1_HTB178_HTB178-HTB178","1",7.91337220287323,4.02870102453232
